customer_hk,cust_segment,cust_loyalty_tier,cust_demo_score,cust_email,cust_phone,cust_address,cust_city,cust_postal_code,cust_newsletter,cust_channel,cust_language
0-226-106-246-172-59-28-28-73-215-195-215-156-96-208-0,SMB,PLATINUM,70,customer1164.v4@example.com,+1-555-1164-4,307 Updated Avenue,Philadelphia,10167,Y,PORTAL,es
10-10-12-138-170-0-173-229-15-116-163-240-202-152-30-215,WHOLESALE,SILVER,76,customer1173.v1@example.com,+1-555-1173-1,283 Updated Avenue,Philadelphia,10173,N,SMS,fr
101-204-44-130-5-160-93-115-121-250-58-99-134-247-16-225,WHOLESALE,SILVER,74,customer1020.v2@example.com,+1-555-1020-2,141 Updated Avenue,Houston,10021,Y,SMS,fr
103-138-20-145-81-75-127-16-6-214-5-233-22-25-70-177,WHOLESALE,SILVER,82,customer1127.v3@example.com,+1-555-1127-3,259 Updated Avenue,Houston,10129,N,SMS,fr
104-168-62-235-73-74-48-143-229-41-93-166-148-40-165-7,ENTERPRISE,GOLD,65,customer1259.v4@example.com,+1-555-1259-4,402 Updated Avenue,Phoenix,10262,N,PHONE,de
104-177-251-231-241-110-74-227-2-73-115-241-47-60-179-19,WHOLESALE,SILVER,96,customer1093.v1@example.com,+1-555-1093-1,203 Updated Avenue,Houston,10093,N,SMS,fr
104-209-60-242-108-75-79-79-147-46-62-255-153-0-147-186,SMB,PLATINUM,80,customer1224.v4@example.com,+1-555-1224-4,367 Updated Avenue,Philadelphia,10227,Y,PORTAL,es
105-165-181-153-81-16-179-106-154-52-120-152-217-122-97-14,RETAIL,BRONZE,85,customer1129.v4@example.com,+1-555-1129-4,272 Updated Avenue,New York,10132,N,EMAIL,en
106-47-238-248-237-106-159-231-109-107-63-48-240-33-80-180,ENTERPRISE,GOLD,97,customer1092.v3@example.com,+1-555-1092-3,224 Updated Avenue,Phoenix,10094,Y,PHONE,de
106-97-212-35-208-42-28-86-37-13-194-58-231-255-18-243,SMB,PLATINUM,72,customer1217.v3@example.com,+1-555-1217-3,349 Updated Avenue,Houston,10219,N,PORTAL,es
107-24-0-55-171-190-190-169-145-216-177-35-47-138-140-169,WHOLESALE,SILVER,66,customer1013.v1@example.com,+1-555-1013-1,123 Updated Avenue,Los Angeles,10013,N,SMS,fr
108-141-186-125-13-241-196-167-157-208-118-70-190-154-38-200,SMB,PLATINUM,70,customer1264.v4@example.com,+1-555-1264-4,407 Updated Avenue,Houston,10267,Y,PORTAL,es
108-20-218-16-158-41-77-30-129-85-190-138-164-177-206-142,ENTERPRISE,GOLD,80,customer1231@example.com,+1-555-1231,330 Market Street,Chicago,10230,Y,PHONE,de
108-52-15-37-131-158-106-205-199-52-20-81-114-3-245-240,SMB,PLATINUM,66,customer1063.v1@example.com,+1-555-1063-1,173 Updated Avenue,Houston,10063,N,PORTAL,es
109-112-203-101-209-82-17-114-109-204-228-192-233-113-226-28,ENTERPRISE,GOLD,91,customer1038.v1@example.com,+1-555-1038-1,148 Updated Avenue,Chicago,10038,Y,PHONE,de
110-125-45-166-211-149-48-88-219-117-113-74-196-0-181-132,SMB,PLATINUM,66,customer1163.v1@example.com,+1-555-1163-1,273 Updated Avenue,Los Angeles,10163,N,PORTAL,es
110-182-231-95-221-236-2-24-53-29-197-192-200-70-65-4,WHOLESALE,SILVER,84,customer1180.v2@example.com,+1-555-1180-2,301 Updated Avenue,Los Angeles,10181,Y,SMS,fr
111-62-41-163-82-120-215-28-127-101-73-88-113-35-19-36,WHOLESALE,SILVER,99,customer1300.v2@example.com,+1-555-1300-2,421 Updated Avenue,Los Angeles,10301,Y,SMS,fr
112-143-60-248-16-13-94-113-131-75-29-183-125-250-21-214,WHOLESALE,SILVER,80,customer1074.v4@example.com,+1-555-1074-4,217 Updated Avenue,Philadelphia,10077,Y,SMS,fr
112-34-41-73-204-13-184-154-179-44-153-105-117-77-71-88,SMB,PLATINUM,94,customer1290.v2@example.com,+1-555-1290-2,411 Updated Avenue,Houston,10291,Y,PORTAL,es
113-246-39-141-20-10-245-153-224-106-217-191-27-160-60-176,,,,,,,,,Y,PHONE,de
113-246-39-141-20-10-245-153-224-106-217-191-27-160-60-176,,,,customer1291@example.com,+1-555-1291,,,,,,
113-246-39-141-20-10-245-153-224-106-217-191-27-160-60-176,ENTERPRISE,GOLD,90,,,,,,,,
113-246-39-141-20-10-245-153-224-106-217-191-27-160-60-176,,,,,,390 Market Street,Chicago,10290,,,
1-136-232-184-176-20-130-158-47-160-244-48-240-169-89-97,,,,,,,,,N,EMAIL,en
1-136-232-184-176-20-130-158-47-160-244-48-240-169-89-97,,,,,,316 Updated Avenue,Phoenix,10196,,,
1-136-232-184-176-20-130-158-47-160-244-48-240-169-89-97,,,,customer1195.v2@example.com,+1-555-1195-2,,,,,,
1-136-232-184-176-20-130-158-47-160-244-48-240-169-89-97,RETAIL,BRONZE,99,,,,,,,,
1-139-89-206-31-214-22-216-116-175-173-15-68-186-51-141,,,,,,,,,N,PORTAL,es
1-139-89-206-31-214-22-216-116-175-173-15-68-186-51-141,,,,customer1283.v1@example.com,+1-555-1283-1,,,,,,
1-139-89-206-31-214-22-216-116-175-173-15-68-186-51-141,,,,,,393 Updated Avenue,Los Angeles,10283,,,
1-139-89-206-31-214-22-216-116-175-173-15-68-186-51-141,SMB,PLATINUM,86,,,,,,,,
115-28-131-219-141-47-240-27-220-0-0-131-253-60-55-64,WHOLESALE,SILVER,84,customer1080.v2@example.com,+1-555-1080-2,201 Updated Avenue,Houston,10081,Y,SMS,fr
117-1-229-212-218-135-172-57-215-130-116-28-215-148-0-45,RETAIL,BRONZE,50,customer1201@example.com,+1-555-1201,300 Market Street,Chicago,10200,Y,EMAIL,en
117-77-218-75-27-163-76-111-168-151-22-184-93-104-83-43,ENTERPRISE,GOLD,90,customer1091@example.com,+1-555-1091,190 Market Street,New York,10090,Y,PHONE,de
118-109-133-110-241-166-176-47-147-216-148-65-94-107-250-14,WHOLESALE,SILVER,70,customer1014.v4@example.com,+1-555-1014-4,157 Updated Avenue,Philadelphia,10017,Y,SMS,fr
120-16-204-212-27-242-111-170-162-196-225-242-13-183-10-113,SMB,PLATINUM,71,customer1272@example.com,+1-555-1272,371 Market Street,Los Angeles,10271,Y,PHONE,de
120-16-204-212-27-242-111-170-162-196-225-242-13-183-10-113,,,,customer1272.v3@example.com,+1-555-1272-3,,,,,,
120-16-204-212-27-242-111-170-162-196-225-242-13-183-10-113,,,,,,404 Updated Avenue,Phoenix,10274,,,
120-16-204-212-27-242-111-170-162-196-225-242-13-183-10-113,ENTERPRISE,GOLD,77,,,,,,,,
12-226-255-210-31-201-88-217-239-14-233-186-83-54-227-87,,,,customer1265.v2@example.com,+1-555-1265-2,,,,,,
12-226-255-210-31-201-88-217-239-14-233-186-83-54-227-87,,,,,,,,,N,PHONE,de
12-226-255-210-31-201-88-217-239-14-233-186-83-54-227-87,,,,,,386 Updated Avenue,Chicago,10266,,,
12-226-255-210-31-201-88-217-239-14-233-186-83-54-227-87,ENTERPRISE,GOLD,69,,,,,,,,
123-204-253-231-113-74-30-186-223-6-197-244-206-167-82-193,SMB,PLATINUM,85,customer1236@example.com,+1-555-1236,335 Market Street,Los Angeles,10235,N,PORTAL,es
124-130-250-184-200-248-145-36-226-206-146-152-78-4-251-64,RETAIL,BRONZE,92,customer1293@example.com,+1-555-1293,392 Market Street,Phoenix,10292,N,SMS,fr
124-130-250-184-200-248-145-36-226-206-146-152-78-4-251-64,,,,,,403 Updated Avenue,Philadelphia,10293,,,
124-130-250-184-200-248-145-36-226-206-146-152-78-4-251-64,,,,customer1293.v1@example.com,+1-555-1293-1,,,,,,
124-130-250-184-200-248-145-36-226-206-146-152-78-4-251-64,WHOLESALE,SILVER,96,,,,,,,,
12-4-139-58-67-78-73-230-85-193-36-126-251-56-156-236,,,,,,,,,Y,PHONE,de
12-4-139-58-67-78-73-230-85-193-36-126-251-56-156-236,,,,customer1158.v1@example.com,+1-555-1158-1,,,,,,
12-4-139-58-67-78-73-230-85-193-36-126-251-56-156-236,ENTERPRISE,GOLD,61,,,,,,,,
12-4-139-58-67-78-73-230-85-193-36-126-251-56-156-236,,,,,,268 Updated Avenue,Chicago,10158,,,
124-157-11-31-150-174-189-123-94-202-140-62-218-161-158-187,WHOLESALE,SILVER,90,customer1134.v4@example.com,+1-555-1134-4,277 Updated Avenue,Philadelphia,10137,Y,SMS,fr
124-206-83-207-144-87-116-66-119-23-32-163-112-195-199-35,RETAIL,BRONZE,99,customer1048.v1@example.com,+1-555-1048-1,158 Updated Avenue,New York,10048,Y,EMAIL,en
125-119-30-14-143-54-51-171-84-133-105-37-236-222-252-93,ENTERPRISE,GOLD,81,customer1178.v1@example.com,+1-555-1178-1,288 Updated Avenue,Phoenix,10178,Y,PHONE,de
126-126-105-234-51-132-135-67-4-145-22-37-172-52-50-28,RETAIL,BRONZE,65,customer1209.v4@example.com,+1-555-1209-4,352 Updated Avenue,Chicago,10212,N,EMAIL,en
126-179-200-190-61-65-30-142-191-171-8-235-165-244-150-50,SMB,PLATINUM,66,customer1263.v1@example.com,+1-555-1263-1,373 Updated Avenue,Philadelphia,10263,N,PORTAL,es
127-151-90-86-199-97-219-101-6-236-160-179-124-230-236-135,ENTERPRISE,GOLD,60,customer1011@example.com,+1-555-1011,110 Market Street,Phoenix,10010,Y,PHONE,de
127-236-48-109-30-102-91-201-199-72-181-210-185-154-110-151,WHOLESALE,SILVER,56,customer1053.v1@example.com,+1-555-1053-1,163 Updated Avenue,Philadelphia,10053,N,SMS,fr
128-28-20-240-127-151-36-34-145-117-184-239-139-69-133-168,SMB,PLATINUM,92,customer1137.v3@example.com,+1-555-1137-3,269 Updated Avenue,Los Angeles,10139,N,PORTAL,es
129-143-70-84-237-57-161-193-71-209-229-26-0-255-180-203,RETAIL,BRONZE,87,customer1082.v3@example.com,+1-555-1082-3,214 Updated Avenue,New York,10084,Y,EMAIL,en
129-220-155-219-82-208-77-194-0-54-219-216-49-62-208-85,WHOLESALE,SILVER,90,customer1234.v4@example.com,+1-555-1234-4,377 Updated Avenue,Houston,10237,Y,SMS,fr
129-229-248-29-183-124-89-100-146-230-241-165-167-146-237-83,SMB,PLATINUM,99,customer1250.v2@example.com,+1-555-1250-2,371 Updated Avenue,Philadelphia,10251,Y,PORTAL,es
130-184-163-67-73-4-65-26-159-220-67-202-135-206-231-12,ENTERPRISE,GOLD,79,customer1025.v2@example.com,+1-555-1025-2,146 Updated Avenue,Chicago,10026,N,PHONE,de
130-194-85-145-64-185-92-205-169-198-202-74-139-152-31-30,RETAIL,BRONZE,95,customer1189.v4@example.com,+1-555-1189-4,332 Updated Avenue,New York,10192,N,EMAIL,en
130-72-169-158-129-231-82-203-155-65-218-63-196-63-190-127,WHOLESALE,SILVER,94,customer1140.v2@example.com,+1-555-1140-2,261 Updated Avenue,Houston,10141,Y,SMS,fr
131-142-138-251-28-163-67-84-172-32-159-83-217-12-58-67,ENTERPRISE,GOLD,50,customer1251@example.com,+1-555-1251,350 Market Street,Phoenix,10250,Y,PHONE,de
131-249-127-72-37-41-11-228-203-121-78-198-162-52-89-95,SMB,PLATINUM,82,customer1177.v3@example.com,+1-555-1177-3,309 Updated Avenue,Philadelphia,10179,N,PORTAL,es
131-250-90-67-42-229-92-37-61-14-96-219-250-113-103-35,SMB,PLATINUM,85,customer1036@example.com,+1-555-1036,135 Market Street,Philadelphia,10035,N,PORTAL,es
132-210-0-75-242-138-32-149-35-14-142-20-153-61-57-141,RETAIL,BRONZE,85,customer1029.v4@example.com,+1-555-1029-4,172 Updated Avenue,Chicago,10032,N,EMAIL,en
132-67-139-122-174-85-160-99-128-115-239-121-142-80-180-239,WHOLESALE,SILVER,99,customer1294.v4@example.com,+1-555-1294-4,437 Updated Avenue,Houston,10297,Y,SMS,fr
133-151-166-207-167-77-239-203-222-48-71-200-145-215-143-144,ENTERPRISE,GOLD,75,customer1119.v4@example.com,+1-555-1119-4,262 Updated Avenue,Chicago,10122,N,PHONE,de
136-62-136-27-180-210-42-122-221-149-143-45-107-5-44-159,WHOLESALE,SILVER,82,customer1027.v3@example.com,+1-555-1027-3,159 Updated Avenue,Philadelphia,10029,N,SMS,fr
136-76-228-187-101-211-40-236-176-60-89-132-9-226-177-104,WHOLESALE,SILVER,60,customer1254.v4@example.com,+1-555-1254-4,397 Updated Avenue,Philadelphia,10257,Y,SMS,fr
136-77-121-150-59-216-188-10-233-177-58-26-167-26-221-115,WHOLESALE,SILVER,64,customer1160.v2@example.com,+1-555-1160-2,281 Updated Avenue,Philadelphia,10161,Y,SMS,fr
138-30-128-139-85-253-233-69-92-179-216-133-126-216-131-137,SMB,PLATINUM,75,customer1076@example.com,+1-555-1076,175 Market Street,Houston,10075,N,PORTAL,es
138-51-99-171-231-146-219-45-135-97-214-64-54-5-174-183,WHOLESALE,SILVER,95,customer1146@example.com,+1-555-1146,245 Market Street,Los Angeles,10145,N,SMS,fr
139-64-102-85-71-48-221-250-160-38-99-70-189-193-178-2,SMB,PLATINUM,94,customer1090.v2@example.com,+1-555-1090-2,211 Updated Avenue,Los Angeles,10091,Y,PORTAL,es
140-230-121-12-198-169-78-101-241-127-144-143-70-47-174-133,,,,customer1142.v3@example.com,+1-555-1142-3,,,,,,
140-230-121-12-198-169-78-101-241-127-144-143-70-47-174-133,RETAIL,BRONZE,97,,,,,,,,
140-230-121-12-198-169-78-101-241-127-144-143-70-47-174-133,WHOLESALE,SILVER,91,customer1142@example.com,+1-555-1142,241 Market Street,Houston,10141,Y,EMAIL,en
140-230-121-12-198-169-78-101-241-127-144-143-70-47-174-133,,,,,,274 Updated Avenue,New York,10144,,,
14-159-161-243-233-230-103-146-64-26-105-114-212-119-220-195,,,,customer1288.v1@example.com,+1-555-1288-1,,,,,,
14-159-161-243-233-230-103-146-64-26-105-114-212-119-220-195,,,,,,398 Updated Avenue,New York,10288,,,
14-159-161-243-233-230-103-146-64-26-105-114-212-119-220-195,RETAIL,BRONZE,91,,,,,,,,
14-159-161-243-233-230-103-146-64-26-105-114-212-119-220-195,,,,,,,,,Y,EMAIL,en
14-236-39-196-25-208-254-36-229-60-144-51-140-220-139-198,,,,customer1117.v3@example.com,+1-555-1117-3,,,,,,
14-236-39-196-25-208-254-36-229-60-144-51-140-220-139-198,,,,,,,,,N,PORTAL,es
14-236-39-196-25-208-254-36-229-60-144-51-140-220-139-198,,,,,,249 Updated Avenue,Philadelphia,10119,,,
14-236-39-196-25-208-254-36-229-60-144-51-140-220-139-198,SMB,PLATINUM,72,,,,,,,,
142-44-253-194-117-118-30-220-89-47-115-160-118-25-124-51,WHOLESALE,SILVER,65,customer1266@example.com,+1-555-1266,365 Market Street,Los Angeles,10265,N,SMS,fr
143-29-67-98-11-198-187-88-13-246-232-11-13-192-92-72,RETAIL,BRONZE,65,customer1109.v4@example.com,+1-555-1109-4,252 Updated Avenue,Phoenix,10112,N,EMAIL,en
144-80-86-193-172-29-173-20-21-96-70-126-10-153-225-207,WHOLESALE,SILVER,95,customer1246@example.com,+1-555-1246,345 Market Street,Philadelphia,10245,N,SMS,fr
146-70-68-77-148-240-129-227-84-152-3-185-40-38-15-86,WHOLESALE,SILVER,55,customer1006@example.com,+1-555-1006,105 Market Street,Philadelphia,10005,N,SMS,fr
147-214-86-65-255-63-21-134-97-76-242-193-173-36-11-108,RETAIL,BRONZE,77,customer1022.v3@example.com,+1-555-1022-3,154 Updated Avenue,New York,10024,Y,EMAIL,en
148-75-221-150-54-116-154-8-1-195-155-110-68-157-190-220,ENTERPRISE,GOLD,89,,,,,,,,
148-75-221-150-54-116-154-8-1-195-155-110-68-157-190-220,RETAIL,BRONZE,84,customer1285@example.com,+1-555-1285,384 Market Street,Chicago,10284,N,PHONE,de
148-75-221-150-54-116-154-8-1-195-155-110-68-157-190-220,,,,customer1285.v2@example.com,+1-555-1285-2,,,,,,
148-75-221-150-54-116-154-8-1-195-155-110-68-157-190-220,,,,,,406 Updated Avenue,Phoenix,10286,,,
14-9-94-5-78-233-71-116-214-164-150-9-158-177-207-106,SMB,PLATINUM,86,,,,,,,,
14-9-94-5-78-233-71-116-214-164-150-9-158-177-207-106,,,,,,,,,N,PORTAL,es
14-9-94-5-78-233-71-116-214-164-150-9-158-177-207-106,,,,,,293 Updated Avenue,Houston,10183,,,
14-9-94-5-78-233-71-116-214-164-150-9-158-177-207-106,,,,customer1183.v1@example.com,+1-555-1183-1,,,,,,
151-175-79-179-34-187-92-137-115-173-225-103-100-21-107-237,SMB,PLATINUM,90,customer1184.v4@example.com,+1-555-1184-4,327 Updated Avenue,Los Angeles,10187,Y,PORTAL,es
153-150-83-94-7-37-138-123-191-216-177-50-67-92-89-98,RETAIL,BRONZE,89,customer1235.v2@example.com,+1-555-1235-2,356 Updated Avenue,Chicago,10236,N,EMAIL,en
153-86-101-100-13-195-25-151-61-49-115-167-74-3-134-12,ENTERPRISE,GOLD,85,customer1279.v4@example.com,+1-555-1279-4,422 Updated Avenue,New York,10282,N,PHONE,de
153-94-31-218-74-43-95-85-239-13-245-8-104-191-42-143,ENTERPRISE,GOLD,87,customer1032.v3@example.com,+1-555-1032-3,164 Updated Avenue,Phoenix,10034,Y,PHONE,de
154-196-3-218-121-71-161-131-136-76-24-166-125-58-168-222,RETAIL,BRONZE,97,customer1042.v3@example.com,+1-555-1042-3,174 Updated Avenue,Chicago,10044,Y,EMAIL,en
154-222-184-47-255-181-68-78-129-250-12-232-173-138-254-122,,,,,,295 Market Street,Houston,10195,,,
154-222-184-47-255-181-68-78-129-250-12-232-173-138-254-122,,,,,,,,,N,PORTAL,es
154-222-184-47-255-181-68-78-129-250-12-232-173-138-254-122,,,,customer1196@example.com,+1-555-1196,,,,,,
154-222-184-47-255-181-68-78-129-250-12-232-173-138-254-122,SMB,PLATINUM,95,,,,,,,,
15-44-154-147-238-166-243-143-171-179-172-177-195-20-136-198,,,,,,,,,N,SMS,fr
15-44-154-147-238-166-243-143-171-179-172-177-195-20-136-198,,,,customer1166@example.com,+1-555-1166,,,,,,
15-44-154-147-238-166-243-143-171-179-172-177-195-20-136-198,,,,,,265 Market Street,Houston,10165,,,
15-44-154-147-238-166-243-143-171-179-172-177-195-20-136-198,WHOLESALE,SILVER,65,,,,,,,,
154-61-69-131-34-215-0-70-246-61-253-139-1-83-236-228,WHOLESALE,SILVER,96,customer1193.v1@example.com,+1-555-1193-1,303 Updated Avenue,Los Angeles,10193,N,SMS,fr
156-59-24-48-81-60-195-184-252-75-118-99-93-50-230-146,WHOLESALE,SILVER,66,customer1113.v1@example.com,+1-555-1113-1,223 Updated Avenue,Philadelphia,10113,N,SMS,fr
157-161-135-167-161-145-67-29-185-67-169-165-166-254-198-244,WHOLESALE,SILVER,72,customer1167.v3@example.com,+1-555-1167-3,299 Updated Avenue,Los Angeles,10169,N,SMS,fr
159-54-64-126-173-6-41-252-22-111-20-221-231-151-15-104,SMB,PLATINUM,90,customer1084.v4@example.com,+1-555-1084-4,227 Updated Avenue,Houston,10087,Y,PORTAL,es
160-131-60-138-24-23-82-106-197-85-248-214-119-39-202-246,ENTERPRISE,GOLD,99,customer1299.v4@example.com,+1-555-1299-4,442 Updated Avenue,Chicago,10302,N,PHONE,de
160-22-16-34-143-233-152-245-21-167-45-215-48-41-77-135,ENTERPRISE,GOLD,67,customer1212.v3@example.com,+1-555-1212-3,344 Updated Avenue,Phoenix,10214,Y,PHONE,de
160-226-162-197-99-213-125-242-114-19-237-225-172-74-199-128,ENTERPRISE,GOLD,99,,,,,,,,
160-226-162-197-99-213-125-242-114-19-237-225-172-74-199-128,RETAIL,BRONZE,94,customer1045@example.com,+1-555-1045,144 Market Street,Chicago,10044,N,PHONE,de
160-226-162-197-99-213-125-242-114-19-237-225-172-74-199-128,,,,,,166 Updated Avenue,Phoenix,10046,,,
160-226-162-197-99-213-125-242-114-19-237-225-172-74-199-128,,,,customer1045.v2@example.com,+1-555-1045-2,,,,,,
160-22-7-9-112-17-64-112-69-117-212-153-201-151-182-202,,,,,,242 Updated Avenue,New York,10102,,,
160-22-7-9-112-17-64-112-69-117-212-153-201-151-182-202,ENTERPRISE,GOLD,99,,,,,,,,
160-22-7-9-112-17-64-112-69-117-212-153-201-151-182-202,,,,,,,,,N,PHONE,de
160-22-7-9-112-17-64-112-69-117-212-153-201-151-182-202,,,,customer1099.v4@example.com,+1-555-1099-4,,,,,,
161-19-193-236-211-202-206-34-55-37-111-76-113-47-97-181,ENTERPRISE,GOLD,70,customer1171@example.com,+1-555-1171,270 Market Street,Chicago,10170,Y,PHONE,de
161-213-1-133-231-66-108-187-10-202-209-230-202-116-185-170,WHOLESALE,SILVER,99,customer1147.v3@example.com,+1-555-1147-3,279 Updated Avenue,Philadelphia,10149,N,SMS,fr
161-81-157-229-181-212-75-49-160-29-224-19-185-181-26-128,ENTERPRISE,GOLD,77,customer1072.v3@example.com,+1-555-1072-3,204 Updated Avenue,Chicago,10074,Y,PHONE,de
162-132-223-17-85-236-62-103-40-96-128-80-13-243-106-154,ENTERPRISE,GOLD,57,customer1252.v3@example.com,+1-555-1252-3,384 Updated Avenue,Chicago,10254,Y,PHONE,de
162-19-122-42-232-227-155-80-2-163-248-144-158-203-136-254,,,,customer1065.v2@example.com,+1-555-1065-2,,,,,,
162-19-122-42-232-227-155-80-2-163-248-144-158-203-136-254,RETAIL,BRONZE,64,customer1065@example.com,+1-555-1065,164 Market Street,Phoenix,10064,N,PHONE,de
162-19-122-42-232-227-155-80-2-163-248-144-158-203-136-254,,,,,,186 Updated Avenue,New York,10066,,,
162-19-122-42-232-227-155-80-2-163-248-144-158-203-136-254,ENTERPRISE,GOLD,69,,,,,,,,
16-25-200-9-22-147-239-92-95-85-151-3-70-99-63-146,,,,,,187 Updated Avenue,Philadelphia,10047,,,
16-25-200-9-22-147-239-92-95-85-151-3-70-99-63-146,,,,,,,,,Y,PORTAL,es
16-25-200-9-22-147-239-92-95-85-151-3-70-99-63-146,,,,customer1044.v4@example.com,+1-555-1044-4,,,,,,
16-25-200-9-22-147-239-92-95-85-151-3-70-99-63-146,SMB,PLATINUM,99,,,,,,,,
162-99-152-220-166-244-123-73-135-108-186-255-188-153-84-249,WHOLESALE,SILVER,92,customer1087.v3@example.com,+1-555-1087-3,219 Updated Avenue,Philadelphia,10089,N,SMS,fr
163-251-79-191-154-111-156-240-145-102-170-156-32-203-193-173,ENTERPRISE,GOLD,69,customer1165.v2@example.com,+1-555-1165-2,286 Updated Avenue,Phoenix,10166,N,PHONE,de
163-75-172-248-57-185-35-119-11-44-54-14-239-162-103-72,RETAIL,BRONZE,89,customer1035.v2@example.com,+1-555-1035-2,156 Updated Avenue,New York,10036,N,EMAIL,en
164-210-240-210-61-204-132-206-152-63-249-21-127-139-127-136,RETAIL,BRONZE,69,customer1215.v2@example.com,+1-555-1215-2,336 Updated Avenue,New York,10216,N,EMAIL,en
164-42-89-111-199-30-23-130-132-64-3-0-116-209-94-116,WHOLESALE,SILVER,99,customer1194.v4@example.com,+1-555-1194-4,337 Updated Avenue,Philadelphia,10197,Y,SMS,fr
165-129-73-211-85-240-40-135-223-190-85-235-178-182-75-163,RETAIL,BRONZE,61,customer1208.v1@example.com,+1-555-1208-1,318 Updated Avenue,Phoenix,10208,Y,EMAIL,en
165-224-255-98-190-11-8-69-111-199-241-232-136-18-175-61,ENTERPRISE,GOLD,99,customer1098.v1@example.com,+1-555-1098-1,208 Updated Avenue,Chicago,10098,Y,PHONE,de
165-31-185-117-34-125-102-64-228-254-71-133-68-118-209-51,ENTERPRISE,GOLD,99,customer1298.v1@example.com,+1-555-1298-1,408 Updated Avenue,Phoenix,10298,Y,PHONE,de
167-216-174-69-105-18-11-91-236-18-231-182-233-100-139-134,SMB,PLATINUM,75,customer1176@example.com,+1-555-1176,275 Market Street,Los Angeles,10175,N,PORTAL,es
168-156-245-37-225-217-240-77-22-206-49-22-94-19-154-75,RETAIL,BRONZE,60,customer1061@example.com,+1-555-1061,160 Market Street,New York,10060,Y,EMAIL,en
168-36-12-184-35-94-156-73-58-12-48-96-117-134-22-108,SMB,PLATINUM,62,customer1157.v3@example.com,+1-555-1157-3,289 Updated Avenue,Houston,10159,N,PORTAL,es
169-235-129-34-56-247-83-19-38-82-174-9-150-58-5-233,SMB,PLATINUM,92,customer1237.v3@example.com,+1-555-1237-3,369 Updated Avenue,Philadelphia,10239,N,PORTAL,es
169-7-142-134-83-54-140-156-41-26-226-248-183-64-18-231,WHOLESALE,SILVER,94,customer1240.v2@example.com,+1-555-1240-2,361 Updated Avenue,Los Angeles,10241,Y,SMS,fr
170-104-199-92-74-119-200-127-151-251-104-107-47-6-134-118,SMB,PLATINUM,56,customer1003.v1@example.com,+1-555-1003-1,113 Updated Avenue,Houston,10003,N,PORTAL,es
170-206-73-199-216-7-103-207-254-192-229-19-174-136-109-240,SMB,PLATINUM,56,customer1103.v1@example.com,+1-555-1103-1,213 Updated Avenue,Los Angeles,10103,N,PORTAL,es
171-234-71-186-36-20-46-209-107-125-143-191-44-116-14-13,RETAIL,BRONZE,67,customer1162.v3@example.com,+1-555-1162-3,294 Updated Avenue,Chicago,10164,Y,EMAIL,en
171-26-77-13-212-212-138-43-161-7-124-68-148-121-19-6,ENTERPRISE,GOLD,81,customer1278.v1@example.com,+1-555-1278-1,388 Updated Avenue,Chicago,10278,Y,PHONE,de
174-94-60-228-14-4-4-164-94-202-202-175-5-229-247-53,SMB,PLATINUM,99,customer1197.v3@example.com,+1-555-1197-3,329 Updated Avenue,Los Angeles,10199,N,PORTAL,es
175-222-199-0-92-201-241-67-2-205-4-116-253-15-60-150,ENTERPRISE,GOLD,80,customer1031@example.com,+1-555-1031,130 Market Street,New York,10030,Y,PHONE,de
175-33-208-201-125-178-226-126-19-87-44-191-89-235-52-61,ENTERPRISE,GOLD,59,customer1105.v2@example.com,+1-555-1105-2,226 Updated Avenue,Phoenix,10106,N,PHONE,de
177-86-58-120-236-89-51-117-135-246-171-99-151-105-154-252,RETAIL,BRONZE,91,customer1088.v1@example.com,+1-555-1088-1,198 Updated Avenue,Phoenix,10088,Y,EMAIL,en
178-11-185-90-182-38-217-63-217-118-175-149-143-188-97-186,ENTERPRISE,GOLD,90,customer1191@example.com,+1-555-1191,290 Market Street,Phoenix,10190,Y,PHONE,de
178-77-81-107-182-90-90-88-7-159-15-53-38-200-124-87,WHOLESALE,SILVER,74,customer1220.v2@example.com,+1-555-1220-2,341 Updated Avenue,Philadelphia,10221,Y,SMS,fr
179-186-143-27-238-18-56-162-243-118-3-217-11-88-137-141,ENTERPRISE,GOLD,95,customer1239.v4@example.com,+1-555-1239-4,382 Updated Avenue,Chicago,10242,N,PHONE,de
180-149-206-99-237-224-244-239-201-238-198-44-185-71-193-98,WHOLESALE,SILVER,56,customer1253.v1@example.com,+1-555-1253-1,363 Updated Avenue,Los Angeles,10253,N,SMS,fr
180-209-104-180-129-87-198-35-251-208-149-180-165-101-181-187,ENTERPRISE,GOLD,61,customer1058.v1@example.com,+1-555-1058-1,168 Updated Avenue,Phoenix,10058,Y,PHONE,de
181-113-236-234-22-169-130-64-35-238-26-241-104-151-165-130,ENTERPRISE,GOLD,59,customer1205.v2@example.com,+1-555-1205-2,326 Updated Avenue,Chicago,10206,N,PHONE,de
181-156-103-191-25-106-71-88-25-30-66-247-102-112-206-186,ENTERPRISE,GOLD,60,customer1111@example.com,+1-555-1111,210 Market Street,Chicago,10110,Y,PHONE,de
181-26-21-243-130-172-145-67-145-165-136-80-171-52-59-0,WHOLESALE,SILVER,72,customer1267.v3@example.com,+1-555-1267-3,399 Updated Avenue,Philadelphia,10269,N,SMS,fr
184-195-126-51-222-253-229-28-249-30-30-3-229-22-87-218,RETAIL,BRONZE,50,customer1001@example.com,+1-555-1001,100 Market Street,New York,10000,Y,EMAIL,en
185-20-26-255-20-18-220-118-52-11-56-34-217-234-108-114,SMB,PLATINUM,96,customer1043.v1@example.com,+1-555-1043-1,153 Updated Avenue,Los Angeles,10043,N,PORTAL,es
185-212-135-163-3-152-212-46-207-245-92-34-142-213-101-43,RETAIL,BRONZE,61,customer1108.v1@example.com,+1-555-1108-1,218 Updated Avenue,New York,10108,Y,EMAIL,en
187-4-175-15-126-202-238-74-174-98-3-84-151-218-19-135,RETAIL,BRONZE,79,customer1275.v2@example.com,+1-555-1275-2,396 Updated Avenue,New York,10276,N,EMAIL,en
189-177-6-160-86-12-78-70-204-196-136-239-1-10-247-135,WHOLESALE,SILVER,90,customer1034.v4@example.com,+1-555-1034-4,177 Updated Avenue,Los Angeles,10037,Y,SMS,fr
192-162-113-188-14-203-119-106-9-71-134-71-67-34-203-130,WHOLESALE,SILVER,85,customer1286@example.com,+1-555-1286,385 Market Street,Houston,10285,N,SMS,fr
193-227-157-145-45-33-201-29-206-129-29-109-169-146-154-232,ENTERPRISE,GOLD,70,customer1271@example.com,+1-555-1271,370 Market Street,New York,10270,Y,PHONE,de
194-16-2-244-100-197-252-91-238-59-152-206-216-57-99-184,ENTERPRISE,GOLD,79,customer1125.v2@example.com,+1-555-1125-2,246 Updated Avenue,New York,10126,N,PHONE,de
195-224-198-46-233-29-184-220-115-130-189-231-65-155-181-115,ENTERPRISE,GOLD,91,customer1138.v1@example.com,+1-555-1138-1,248 Updated Avenue,New York,10138,Y,PHONE,de
196-133-30-142-38-68-21-196-9-78-78-133-176-186-167-204,WHOLESALE,SILVER,82,customer1227.v3@example.com,+1-555-1227-3,359 Updated Avenue,Los Angeles,10229,N,SMS,fr
196-78-80-56-51-182-78-159-39-25-122-72-79-66-87-192,RETAIL,BRONZE,91,customer1188.v1@example.com,+1-555-1188-1,298 Updated Avenue,Chicago,10188,Y,EMAIL,en
197-78-120-55-224-205-12-237-40-108-181-153-83-39-209-171,ENTERPRISE,GOLD,99,customer1198.v1@example.com,+1-555-1198-1,308 Updated Avenue,New York,10198,Y,PHONE,de
198-103-213-58-205-137-154-151-168-93-224-194-1-186-153-190,RETAIL,BRONZE,57,customer1102.v3@example.com,+1-555-1102-3,234 Updated Avenue,Chicago,10104,Y,EMAIL,en
198-13-6-11-148-109-109-214-20-93-203-173-92-76-207-111,ENTERPRISE,GOLD,71,customer1118.v1@example.com,+1-555-1118-1,228 Updated Avenue,Phoenix,10118,Y,PHONE,de
198-191-246-37-189-176-57-57-146-201-212-219-12-107-190-69,RETAIL,BRONZE,50,customer1101@example.com,+1-555-1101,200 Market Street,Phoenix,10100,Y,EMAIL,en
198-3-106-105-190-33-203-102-4-153-183-87-24-163-239-36,WHOLESALE,SILVER,74,customer1120.v2@example.com,+1-555-1120-2,241 Updated Avenue,Los Angeles,10121,Y,SMS,fr
199-99-91-253-153-36-138-44-222-248-36-158-247-191-190-244,SMB,PLATINUM,80,customer1124.v4@example.com,+1-555-1124-4,267 Updated Avenue,Los Angeles,10127,Y,PORTAL,es
200-186-118-194-121-38-155-28-107-200-160-126-56-231-143-164,WHOLESALE,SILVER,70,customer1214.v4@example.com,+1-555-1214-4,357 Updated Avenue,Los Angeles,10217,Y,SMS,fr
200-80-55-31-218-104-146-251-253-28-90-91-69-126-87-119,SMB,PLATINUM,74,,,,,,,,
200-80-55-31-218-104-146-251-253-28-90-91-69-126-87-119,WHOLESALE,SILVER,69,customer1270@example.com,+1-555-1270,369 Market Street,Philadelphia,10269,Y,PORTAL,es
200-80-55-31-218-104-146-251-253-28-90-91-69-126-87-119,,,,,,391 Updated Avenue,Los Angeles,10271,,,
200-80-55-31-218-104-146-251-253-28-90-91-69-126-87-119,,,,customer1270.v2@example.com,+1-555-1270-2,,,,,,
20-119-2-219-7-20-83-72-36-93-197-162-242-254-86-131,RETAIL,BRONZE,57,,,,,,,,
20-119-2-219-7-20-83-72-36-93-197-162-242-254-86-131,,,,,,,,,Y,EMAIL,en
20-119-2-219-7-20-83-72-36-93-197-162-242-254-86-131,,,,,,334 Updated Avenue,New York,10204,,,
20-119-2-219-7-20-83-72-36-93-197-162-242-254-86-131,,,,customer1202.v3@example.com,+1-555-1202-3,,,,,,
201-249-90-10-90-240-82-191-252-229-200-153-23-51-95-103,WHOLESALE,SILVER,55,customer1106@example.com,+1-555-1106,205 Market Street,Houston,10105,N,SMS,fr
205-117-142-143-89-223-223-6-168-82-173-173-39-121-134-202,SMB,PLATINUM,62,customer1257.v3@example.com,+1-555-1257-3,389 Updated Avenue,Los Angeles,10259,N,PORTAL,es
205-137-254-247-255-221-73-13-184-0-53-127-71-114-43-32,RETAIL,BRONZE,67,customer1062.v3@example.com,+1-555-1062-3,194 Updated Avenue,Phoenix,10064,Y,EMAIL,en
206-81-64-223-21-208-70-166-104-131-128-125-24-208-38-75,SMB,PLATINUM,76,,,,,,,,
206-81-64-223-21-208-70-166-104-131-128-125-24-208-38-75,ENTERPRISE,GOLD,72,customer1023@example.com,+1-555-1023,122 Market Street,Phoenix,10022,N,PORTAL,es
206-81-64-223-21-208-70-166-104-131-128-125-24-208-38-75,,,,customer1023.v1@example.com,+1-555-1023-1,,,,,,
206-81-64-223-21-208-70-166-104-131-128-125-24-208-38-75,,,,,,133 Updated Avenue,Philadelphia,10023,,,
20-74-63-113-160-58-183-196-244-111-150-86-96-142-253-178,WHOLESALE,SILVER,55,,,,,,,,
20-74-63-113-160-58-183-196-244-111-150-86-96-142-253-178,,,,,,,,,N,SMS,fr
20-74-63-113-160-58-183-196-244-111-150-86-96-142-253-178,,,,,,305 Market Street,Los Angeles,10205,,,
20-74-63-113-160-58-183-196-244-111-150-86-96-142-253-178,,,,customer1206@example.com,+1-555-1206,,,,,,
211-137-1-120-140-83-62-130-134-203-100-0-180-11-56-109,,,,customer1238.v1@example.com,+1-555-1238-1,,,,,,
211-137-1-120-140-83-62-130-134-203-100-0-180-11-56-109,WHOLESALE,SILVER,87,customer1238@example.com,+1-555-1238,337 Market Street,Houston,10237,Y,PHONE,de
211-137-1-120-140-83-62-130-134-203-100-0-180-11-56-109,ENTERPRISE,GOLD,91,,,,,,,,
211-137-1-120-140-83-62-130-134-203-100-0-180-11-56-109,,,,,,348 Updated Avenue,Phoenix,10238,,,
21-121-119-155-152-206-158-219-152-221-133-96-111-44-17-157,,,,customer1046@example.com,+1-555-1046,,,,,,
21-121-119-155-152-206-158-219-152-221-133-96-111-44-17-157,,,,,,145 Market Street,Houston,10045,,,
21-121-119-155-152-206-158-219-152-221-133-96-111-44-17-157,,,,,,,,,N,SMS,fr
21-121-119-155-152-206-158-219-152-221-133-96-111-44-17-157,WHOLESALE,SILVER,95,,,,,,,,
21-135-150-95-180-212-181-175-232-66-138-74-2-79-235-13,RETAIL,BRONZE,61,,,,,,,,
21-135-150-95-180-212-181-175-232-66-138-74-2-79-235-13,,,,,,,,,Y,EMAIL,en
21-135-150-95-180-212-181-175-232-66-138-74-2-79-235-13,,,,,,118 Updated Avenue,Chicago,10008,,,
21-135-150-95-180-212-181-175-232-66-138-74-2-79-235-13,,,,customer1008.v1@example.com,+1-555-1008-1,,,,,,
214-114-62-124-214-115-93-246-141-28-228-199-4-194-154-4,RETAIL,BRONZE,99,customer1095.v2@example.com,+1-555-1095-2,216 Updated Avenue,New York,10096,N,EMAIL,en
214-239-95-127-169-20-193-153-49-165-91-178-98-236-135-156,WHOLESALE,SILVER,70,customer1114.v4@example.com,+1-555-1114-4,257 Updated Avenue,Houston,10117,Y,SMS,fr
215-50-46-215-23-222-223-30-180-230-229-42-55-234-123-205,WHOLESALE,SILVER,62,customer1007.v3@example.com,+1-555-1007-3,139 Updated Avenue,Houston,10009,N,SMS,fr
215-54-187-16-216-58-144-74-239-193-214-206-147-220-84-184,RETAIL,BRONZE,90,customer1041@example.com,+1-555-1041,140 Market Street,Phoenix,10040,Y,EMAIL,en
215-89-23-93-232-234-91-29-154-38-96-228-85-84-137-79,SMB,PLATINUM,82,customer1277.v3@example.com,+1-555-1277-3,409 Updated Avenue,Houston,10279,N,PORTAL,es
216-112-12-189-56-204-159-48-206-203-52-240-193-149-177-55,SMB,PLATINUM,62,customer1057.v3@example.com,+1-555-1057-3,189 Updated Avenue,Philadelphia,10059,N,PORTAL,es
217-29-27-77-130-65-157-232-166-20-171-206-156-192-230-212,WHOLESALE,SILVER,85,customer1086@example.com,+1-555-1086,185 Market Street,Los Angeles,10085,N,SMS,fr
217-78-24-168-173-180-204-15-98-63-122-131-177-172-117-180,RETAIL,BRONZE,80,customer1281@example.com,+1-555-1281,380 Market Street,Phoenix,10280,Y,EMAIL,en
218-17-232-205-24-17-172-183-156-207-15-214-44-213-143-134,WHOLESALE,SILVER,84,customer1280.v2@example.com,+1-555-1280-2,401 Updated Avenue,Philadelphia,10281,Y,SMS,fr
218-189-141-44-231-78-120-44-101-169-115-239-118-253-84-11,ENTERPRISE,GOLD,85,customer1179.v4@example.com,+1-555-1179-4,322 Updated Avenue,Chicago,10182,N,PHONE,de
219-43-65-130-21-107-47-31-129-120-96-172-159-64-154-215,SMB,PLATINUM,99,customer1097.v3@example.com,+1-555-1097-3,229 Updated Avenue,Houston,10099,N,PORTAL,es
219-87-106-125-36-83-87-95-41-234-180-186-199-135-185-25,WHOLESALE,SILVER,60,customer1054.v4@example.com,+1-555-1054-4,197 Updated Avenue,Houston,10057,Y,SMS,fr
220-135-193-55-73-49-92-114-23-205-196-172-105-46-112-76,RETAIL,BRONZE,99,customer1295.v2@example.com,+1-555-1295-2,416 Updated Avenue,Chicago,10296,N,EMAIL,en
220-76-68-246-36-214-0-170-86-131-144-241-241-16-74-160,RETAIL,BRONZE,67,customer1262.v3@example.com,+1-555-1262-3,394 Updated Avenue,New York,10264,Y,EMAIL,en
220-88-227-163-6-69-28-157-103-10-220-211-112-4-244-143,SMB,PLATINUM,74,customer1070.v2@example.com,+1-555-1070-2,191 Updated Avenue,Philadelphia,10071,Y,PORTAL,es
221-119-39-159-125-50-94-236-147-63-5-177-103-47-106-31,,,,customer1116@example.com,+1-555-1116,,,,,,
221-119-39-159-125-50-94-236-147-63-5-177-103-47-106-31,SMB,PLATINUM,65,,,,,,,,
221-119-39-159-125-50-94-236-147-63-5-177-103-47-106-31,,,,,,,,,N,PORTAL,es
221-119-39-159-125-50-94-236-147-63-5-177-103-47-106-31,,,,,,215 Market Street,Los Angeles,10115,,,
22-12-136-101-45-71-208-190-96-191-191-237-37-17-20-18,,,,customer1190.v2@example.com,+1-555-1190-2,,,,,,
22-12-136-101-45-71-208-190-96-191-191-237-37-17-20-18,,,,,,311 Updated Avenue,Philadelphia,10191,,,
22-12-136-101-45-71-208-190-96-191-191-237-37-17-20-18,SMB,PLATINUM,94,,,,,,,,
22-12-136-101-45-71-208-190-96-191-191-237-37-17-20-18,,,,,,,,,Y,PORTAL,es
22-230-163-50-109-215-216-104-203-201-38-96-42-97-228-208,ENTERPRISE,GOLD,65,,,,,,,,
22-230-163-50-109-215-216-104-203-201-38-96-42-97-228-208,,,,,,,,,N,PHONE,de
22-230-163-50-109-215-216-104-203-201-38-96-42-97-228-208,,,,,,302 Updated Avenue,New York,10162,,,
22-230-163-50-109-215-216-104-203-201-38-96-42-97-228-208,,,,customer1159.v4@example.com,+1-555-1159-4,,,,,,
223-10-171-5-140-225-121-228-247-171-19-94-212-230-65-169,RETAIL,BRONZE,99,customer1148.v1@example.com,+1-555-1148-1,258 Updated Avenue,Phoenix,10148,Y,EMAIL,en
224-4-6-20-76-30-126-53-36-10-254-215-15-52-22-106,RETAIL,BRONZE,75,customer1269.v4@example.com,+1-555-1269-4,412 Updated Avenue,Chicago,10272,N,EMAIL,en
224-52-251-107-102-170-204-29-72-244-69-221-251-8-218-152,WHOLESALE,SILVER,86,customer1233.v1@example.com,+1-555-1233-1,343 Updated Avenue,Philadelphia,10233,N,SMS,fr
225-113-132-188-183-13-207-57-66-197-78-11-83-127-252-109,WHOLESALE,SILVER,86,customer1033.v1@example.com,+1-555-1033-1,143 Updated Avenue,Houston,10033,N,SMS,fr
225-147-71-225-195-202-12-11-151-222-95-179-182-144-133-90,RETAIL,BRONZE,69,customer1115.v2@example.com,+1-555-1115-2,236 Updated Avenue,Chicago,10116,N,EMAIL,en
225-213-190-28-127-47-69-102-112-222-61-83-199-181-79-74,SMB,PLATINUM,96,customer1243.v1@example.com,+1-555-1243-1,353 Updated Avenue,Houston,10243,N,PORTAL,es
226-35-18-23-155-244-62-97-87-96-129-162-242-80-248-69,,,,,,,,,N,PORTAL,es
226-35-18-23-155-244-62-97-87-96-129-162-242-80-248-69,,,,customer1156@example.com,+1-555-1156,,,,,,
226-35-18-23-155-244-62-97-87-96-129-162-242-80-248-69,SMB,PLATINUM,55,,,,,,,,
226-35-18-23-155-244-62-97-87-96-129-162-242-80-248-69,,,,,,255 Market Street,Philadelphia,10155,,,
2-27-188-126-226-11-113-19-77-83-226-2-6-189-111-235,SMB,PLATINUM,80,,,,,,,,
2-27-188-126-226-11-113-19-77-83-226-2-6-189-111-235,,,,,,,,,Y,PORTAL,es
2-27-188-126-226-11-113-19-77-83-226-2-6-189-111-235,,,,,,167 Updated Avenue,Houston,10027,,,
2-27-188-126-226-11-113-19-77-83-226-2-6-189-111-235,,,,customer1024.v4@example.com,+1-555-1024-4,,,,,,
227-37-16-117-85-67-137-254-145-209-122-121-72-97-212-123,SMB,PLATINUM,55,customer1256@example.com,+1-555-1256,355 Market Street,Houston,10255,N,PORTAL,es
229-140-197-202-148-39-10-202-206-237-19-188-130-223-237-247,WHOLESALE,SILVER,62,customer1107.v3@example.com,+1-555-1107-3,239 Updated Avenue,Los Angeles,10109,N,SMS,fr
229-21-223-13-32-42-229-47-206-187-20-41-87-67-6-59,SMB,PLATINUM,84,customer1030.v2@example.com,+1-555-1030-2,151 Updated Avenue,Los Angeles,10031,Y,PORTAL,es
229-230-61-167-159-205-43-235-189-124-184-191-28-29-2-116,SMB,PLATINUM,86,customer1083.v1@example.com,+1-555-1083-1,193 Updated Avenue,Philadelphia,10083,N,PORTAL,es
229-58-10-41-120-194-136-114-164-80-91-219-81-219-6-220,ENTERPRISE,GOLD,87,customer1232.v3@example.com,+1-555-1232-3,364 Updated Avenue,New York,10234,Y,PHONE,de
230-216-84-93-170-66-213-206-209-37-164-191-116-123-54-136,WHOLESALE,SILVER,99,customer1247.v3@example.com,+1-555-1247-3,379 Updated Avenue,Houston,10249,N,SMS,fr
231-2-229-29-162-192-245-190-77-211-84-187-62-41-93-55,WHOLESALE,SILVER,80,customer1274.v4@example.com,+1-555-1274-4,417 Updated Avenue,Los Angeles,10277,Y,SMS,fr
232-177-203-208-95-110-106-53-138-129-222-229-36-147-221-6,,,,,,297 Updated Avenue,Los Angeles,10157,,,
232-177-203-208-95-110-106-53-138-129-222-229-36-147-221-6,WHOLESALE,SILVER,53,customer1154@example.com,+1-555-1154,253 Market Street,Houston,10153,Y,SMS,fr
232-177-203-208-95-110-106-53-138-129-222-229-36-147-221-6,,,,customer1154.v4@example.com,+1-555-1154-4,,,,,,
232-177-203-208-95-110-106-53-138-129-222-229-36-147-221-6,WHOLESALE,SILVER,60,,,,,,,,
23-50-109-16-213-17-130-143-107-52-250-109-117-23-57-226,RETAIL,BRONZE,60,,,,,,,,
23-50-109-16-213-17-130-143-107-52-250-109-117-23-57-226,,,,,,,,,Y,EMAIL,en
23-50-109-16-213-17-130-143-107-52-250-109-117-23-57-226,,,,,,360 Market Street,Chicago,10260,,,
23-50-109-16-213-17-130-143-107-52-250-109-117-23-57-226,,,,customer1261@example.com,+1-555-1261,,,,,,
235-134-213-16-54-31-194-59-89-241-140-27-201-128-44-198,RETAIL,BRONZE,81,customer1228.v1@example.com,+1-555-1228-1,338 Updated Avenue,New York,10228,Y,EMAIL,en
237-219-144-74-109-183-115-117-93-40-87-170-202-219-28-176,SMB,PLATINUM,92,customer1037.v3@example.com,+1-555-1037-3,169 Updated Avenue,Houston,10039,N,PORTAL,es
239-80-195-53-204-169-243-64-189-230-86-54-62-189-2-253,ENTERPRISE,GOLD,71,customer1018.v1@example.com,+1-555-1018-1,128 Updated Avenue,New York,10018,Y,PHONE,de
241-151-0-43-154-8-83-236-165-224-70-217-202-70-99-213,,,,customer1151@example.com,+1-555-1151,,,,,,
241-151-0-43-154-8-83-236-165-224-70-217-202-70-99-213,ENTERPRISE,GOLD,50,,,,,,,,
241-151-0-43-154-8-83-236-165-224-70-217-202-70-99-213,,,,,,250 Market Street,New York,10150,,,
241-151-0-43-154-8-83-236-165-224-70-217-202-70-99-213,,,,,,,,,Y,PHONE,de
24-150-163-191-115-5-22-221-100-59-166-123-76-68-125-54,RETAIL,BRONZE,79,,,,,,,,
24-150-163-191-115-5-22-221-100-59-166-123-76-68-125-54,,,,,,296 Updated Avenue,Chicago,10176,,,
24-150-163-191-115-5-22-221-100-59-166-123-76-68-125-54,,,,customer1175.v2@example.com,+1-555-1175-2,,,,,,
24-150-163-191-115-5-22-221-100-59-166-123-76-68-125-54,,,,,,,,,N,EMAIL,en
243-59-161-94-255-165-193-14-135-59-243-132-42-251-70-166,ENTERPRISE,GOLD,67,customer1012.v3@example.com,+1-555-1012-3,144 Updated Avenue,Chicago,10014,Y,PHONE,de
244-115-48-100-58-225-52-202-32-75-246-178-72-31-236-71,RETAIL,BRONZE,87,customer1182.v3@example.com,+1-555-1182-3,314 Updated Avenue,Phoenix,10184,Y,EMAIL,en
244-221-118-92-18-242-239-103-249-143-53-88-194-130-169-205,ENTERPRISE,GOLD,57,customer1052.v3@example.com,+1-555-1052-3,184 Updated Avenue,New York,10054,Y,PHONE,de
244-87-63-199-28-115-29-92-54-47-13-120-96-148-91-136,SMB,PLATINUM,59,customer1260@example.com,+1-555-1260,359 Market Street,Los Angeles,10259,Y,SMS,fr
244-87-63-199-28-115-29-92-54-47-13-120-96-148-91-136,WHOLESALE,SILVER,64,,,,,,,,
244-87-63-199-28-115-29-92-54-47-13-120-96-148-91-136,,,,,,381 Updated Avenue,Houston,10261,,,
244-87-63-199-28-115-29-92-54-47-13-120-96-148-91-136,,,,customer1260.v2@example.com,+1-555-1260-2,,,,,,
24-66-96-52-130-54-249-85-79-233-55-87-114-255-150-110,,,,,,,,,N,PHONE,de
24-66-96-52-130-54-249-85-79-233-55-87-114-255-150-110,,,,,,282 Updated Avenue,Phoenix,10142,,,
24-66-96-52-130-54-249-85-79-233-55-87-114-255-150-110,,,,customer1139.v4@example.com,+1-555-1139-4,,,,,,
24-66-96-52-130-54-249-85-79-233-55-87-114-255-150-110,ENTERPRISE,GOLD,95,,,,,,,,
247-202-222-128-183-204-146-185-145-207-77-40-6-214-189-120,SMB,PLATINUM,64,customer1210.v2@example.com,+1-555-1210-2,331 Updated Avenue,Los Angeles,10211,Y,PORTAL,es
247-245-128-225-29-0-167-88-20-210-222-212-31-232-232-254,RETAIL,BRONZE,90,customer1141@example.com,+1-555-1141,240 Market Street,Chicago,10140,Y,EMAIL,en
249-30-36-223-232-0-18-226-167-152-74-250-68-128-166-214,WHOLESALE,SILVER,76,customer1273.v1@example.com,+1-555-1273-1,383 Updated Avenue,Houston,10273,N,SMS,fr
251-169-216-129-100-243-226-217-16-158-231-112-34-50-18-160,RETAIL,BRONZE,57,customer1002.v3@example.com,+1-555-1002-3,134 Updated Avenue,Phoenix,10004,Y,EMAIL,en
251-47-205-83-75-15-243-187-237-115-204-81-223-98-3-35,SMB,PLATINUM,60,customer1204.v4@example.com,+1-555-1204-4,347 Updated Avenue,Houston,10207,Y,PORTAL,es
251-96-212-17-165-197-183-43-46-125-53-39-207-200-79-208,SMB,PLATINUM,75,customer1276@example.com,+1-555-1276,375 Market Street,Philadelphia,10275,N,PORTAL,es
252-44-124-71-185-24-208-194-215-146-167-25-223-182-2-239,RETAIL,BRONZE,75,customer1069.v4@example.com,+1-555-1069-4,212 Updated Avenue,New York,10072,N,EMAIL,en
253-44-94-70-128-217-160-29-186-58-173-165-236-226-34-112,RETAIL,BRONZE,89,customer1135.v2@example.com,+1-555-1135-2,256 Updated Avenue,Phoenix,10136,N,EMAIL,en
253-6-184-234-2-254-91-28-36-150-254-23-0-233-209-108,WHOLESALE,SILVER,86,customer1133.v1@example.com,+1-555-1133-1,243 Updated Avenue,Los Angeles,10133,N,SMS,fr
254-112-156-101-78-172-132-213-35-157-26-18-164-247-24-119,ENTERPRISE,GOLD,80,customer1131@example.com,+1-555-1131,230 Market Street,Phoenix,10130,Y,PHONE,de
254-171-5-170-145-8-91-122-128-18-81-107-195-83-57-88,ENTERPRISE,GOLD,99,customer1145.v2@example.com,+1-555-1145-2,266 Updated Avenue,Chicago,10146,N,PHONE,de
254-211-51-146-211-164-138-161-73-168-122-56-184-117-186-74,SMB,PLATINUM,60,customer1004.v4@example.com,+1-555-1004-4,147 Updated Avenue,Los Angeles,10007,Y,PORTAL,es
254-45-1-3-8-166-179-121-154-61-156-114-142-231-66-68,,,,,,321 Updated Avenue,Houston,10201,,,
254-45-1-3-8-166-179-121-154-61-156-114-142-231-66-68,SMB,PLATINUM,99,customer1200@example.com,+1-555-1200,299 Market Street,Los Angeles,10199,Y,SMS,fr
254-45-1-3-8-166-179-121-154-61-156-114-142-231-66-68,,,,customer1200.v2@example.com,+1-555-1200-2,,,,,,
254-45-1-3-8-166-179-121-154-61-156-114-142-231-66-68,WHOLESALE,SILVER,99,,,,,,,,
25-48-2-230-104-117-142-169-118-41-4-218-26-34-51-124,RETAIL,BRONZE,71,,,,,,,,
25-48-2-230-104-117-142-169-118-41-4-218-26-34-51-124,,,,customer1268.v1@example.com,+1-555-1268-1,,,,,,
25-48-2-230-104-117-142-169-118-41-4-218-26-34-51-124,,,,,,,,,Y,EMAIL,en
25-48-2-230-104-117-142-169-118-41-4-218-26-34-51-124,,,,,,378 Updated Avenue,Phoenix,10268,,,
255-238-216-76-124-177-174-123-244-236-75-215-130-117-187-152,WHOLESALE,SILVER,75,customer1126@example.com,+1-555-1126,225 Market Street,Philadelphia,10125,N,SMS,fr
27-1-20-197-28-197-50-237-52-225-149-75-91-158-75-88,ENTERPRISE,GOLD,70,customer1071@example.com,+1-555-1071,170 Market Street,Phoenix,10070,Y,PHONE,de
28-101-206-243-223-209-224-12-11-3-146-58-28-89-29-180,RETAIL,BRONZE,90,customer1241@example.com,+1-555-1241,340 Market Street,New York,10240,Y,EMAIL,en
28-236-199-167-121-40-202-129-51-250-36-104-10-136-210-249,RETAIL,BRONZE,87,customer1282.v3@example.com,+1-555-1282-3,414 Updated Avenue,Chicago,10284,Y,EMAIL,en
29-114-49-14-220-0-109-173-242-25-12-170-213-128-41-131,RETAIL,BRONZE,70,customer1221@example.com,+1-555-1221,320 Market Street,Phoenix,10220,Y,EMAIL,en
30-110-10-4-210-15-80-150-124-100-218-194-214-57-165-119,WHOLESALE,SILVER,99,customer1100.v2@example.com,+1-555-1100-2,221 Updated Avenue,Philadelphia,10101,Y,SMS,fr
30-29-24-65-103-202-118-118-207-102-82-37-226-54-163-210,RETAIL,BRONZE,75,customer1169.v4@example.com,+1-555-1169-4,312 Updated Avenue,Phoenix,10172,N,EMAIL,en
30-72-196-66-11-112-115-188-17-145-108-108-29-226-38-187,SMB,PLATINUM,64,customer1010.v2@example.com,+1-555-1010-2,131 Updated Avenue,Philadelphia,10011,Y,PORTAL,es
32-142-67-240-228-92-76-120-202-250-219-131-210-136-140-182,SMB,PLATINUM,96,customer1143.v1@example.com,+1-555-1143-1,253 Updated Avenue,Philadelphia,10143,N,PORTAL,es
32-181-225-207-134-148-175-122-60-27-164-168-127-7-48-33,WHOLESALE,SILVER,99,customer1047.v3@example.com,+1-555-1047-3,179 Updated Avenue,Los Angeles,10049,N,SMS,fr
32-209-53-240-242-129-133-184-74-76-247-170-81-242-149-0,SMB,PLATINUM,61,customer1112@example.com,+1-555-1112,211 Market Street,Houston,10111,Y,PHONE,de
32-209-53-240-242-129-133-184-74-76-247-170-81-242-149-0,ENTERPRISE,GOLD,67,,,,,,,,
32-209-53-240-242-129-133-184-74-76-247-170-81-242-149-0,,,,customer1112.v3@example.com,+1-555-1112-3,,,,,,
32-209-53-240-242-129-133-184-74-76-247-170-81-242-149-0,,,,,,244 Updated Avenue,New York,10114,,,
3-224-112-75-86-144-162-222-225-134-29-195-173-51-22-201,ENTERPRISE,GOLD,75,,,,,,,,
3-224-112-75-86-144-162-222-225-134-29-195-173-51-22-201,,,,,,,,,N,PHONE,de
3-224-112-75-86-144-162-222-225-134-29-195-173-51-22-201,,,,,,162 Updated Avenue,Phoenix,10022,,,
3-224-112-75-86-144-162-222-225-134-29-195-173-51-22-201,,,,customer1019.v4@example.com,+1-555-1019-4,,,,,,
3-245-68-97-57-23-148-82-69-4-30-161-88-29-240-194,,,,,,232 Updated Avenue,Chicago,10092,,,
3-245-68-97-57-23-148-82-69-4-30-161-88-29-240-194,,,,customer1089.v4@example.com,+1-555-1089-4,,,,,,
3-245-68-97-57-23-148-82-69-4-30-161-88-29-240-194,,,,,,,,,N,EMAIL,en
3-245-68-97-57-23-148-82-69-4-30-161-88-29-240-194,RETAIL,BRONZE,95,,,,,,,,
34-144-167-56-94-215-124-197-89-45-194-21-50-41-240-130,SMB,PLATINUM,70,customer1064.v4@example.com,+1-555-1064-4,207 Updated Avenue,Los Angeles,10067,Y,PORTAL,es
35-135-51-123-161-224-176-36-155-169-15-85-178-186-37-33,ENTERPRISE,GOLD,59,customer1005.v2@example.com,+1-555-1005-2,126 Updated Avenue,New York,10006,N,PHONE,de
36-20-109-180-235-72-199-24-184-76-174-10-7-153-220-252,WHOLESALE,SILVER,75,customer1026@example.com,+1-555-1026,125 Market Street,Los Angeles,10025,N,SMS,fr
36-44-16-13-201-79-135-27-109-114-21-184-104-168-117-248,SMB,PLATINUM,90,customer1284.v4@example.com,+1-555-1284-4,427 Updated Avenue,Philadelphia,10287,Y,PORTAL,es
37-223-53-222-135-170-68-27-136-242-42-108-42-131-10-23,ENTERPRISE,GOLD,79,customer1225.v2@example.com,+1-555-1225-2,346 Updated Avenue,Phoenix,10226,N,PHONE,de
38-88-142-147-44-124-207-161-223-48-146-128-112-47-225-181,ENTERPRISE,GOLD,61,customer1258.v1@example.com,+1-555-1258-1,368 Updated Avenue,New York,10258,Y,PHONE,de
39-21-81-140-135-89-153-48-136-66-227-69-94-218-47-227,ENTERPRISE,GOLD,75,customer1219.v4@example.com,+1-555-1219-4,362 Updated Avenue,New York,10222,N,PHONE,de
39-237-15-185-80-184-86-176-110-18-115-152-148-34-231-211,ENTERPRISE,GOLD,95,customer1039.v4@example.com,+1-555-1039-4,182 Updated Avenue,New York,10042,N,PHONE,de
40-102-116-227-8-47-235-126-90-251-146-119-126-72-130-31,SMB,PLATINUM,99,customer1297.v3@example.com,+1-555-1297-3,429 Updated Avenue,Philadelphia,10299,N,PORTAL,es
40-18-229-207-109-143-33-214-156-145-221-222-239-183-146-167,SMB,PLATINUM,95,customer1296@example.com,+1-555-1296,395 Market Street,Los Angeles,10295,N,PORTAL,es
40-90-185-68-141-39-81-238-87-236-231-247-98-195-144-149,ENTERPRISE,GOLD,60,customer1211@example.com,+1-555-1211,310 Market Street,New York,10210,Y,PHONE,de
40-95-137-184-2-188-178-101-24-1-69-92-134-215-143-42,RETAIL,BRONZE,59,customer1155.v2@example.com,+1-555-1155-2,276 Updated Avenue,New York,10156,N,EMAIL,en
41-137-35-200-25-0-69-233-18-136-180-48-121-72-20-196,RETAIL,BRONZE,69,customer1015.v2@example.com,+1-555-1015-2,136 Updated Avenue,Phoenix,10016,N,EMAIL,en
41-154-35-162-41-30-33-38-185-29-84-243-96-30-193-98,WHOLESALE,SILVER,64,customer1060.v2@example.com,+1-555-1060-2,181 Updated Avenue,Los Angeles,10061,Y,SMS,fr
42-194-64-110-131-91-212-156-112-70-154-202-227-55-210-146,RETAIL,BRONZE,80,customer1181@example.com,+1-555-1181,280 Market Street,New York,10180,Y,EMAIL,en
43-109-101-185-169-68-92-66-113-171-144-118-234-213-96-90,WHOLESALE,SILVER,85,customer1186@example.com,+1-555-1186,285 Market Street,Philadelphia,10185,N,SMS,fr
43-168-105-139-121-67-149-137-253-210-176-247-33-141-139-7,RETAIL,BRONZE,99,customer1249.v4@example.com,+1-555-1249-4,392 Updated Avenue,New York,10252,N,EMAIL,en
43-56-194-223-106-73-185-127-112-110-201-20-140-228-141-134,SMB,PLATINUM,99,customer1150.v2@example.com,+1-555-1150-2,271 Updated Avenue,Los Angeles,10151,Y,PORTAL,es
44-137-16-157-66-23-141-232-163-103-192-34-143-22-155-248,SMB,PLATINUM,99,customer1244.v4@example.com,+1-555-1244-4,387 Updated Avenue,Los Angeles,10247,Y,PORTAL,es
44-188-164-72-67-168-100-83-62-192-91-50-26-225-249-209,SMB,PLATINUM,64,customer1110.v2@example.com,+1-555-1110-2,231 Updated Avenue,Houston,10111,Y,PORTAL,es
44-253-69-96-83-159-136-122-94-66-4-18-179-112-179-97,SMB,PLATINUM,76,customer1123.v1@example.com,+1-555-1123-1,233 Updated Avenue,Houston,10123,N,PORTAL,es
45-229-209-102-130-195-195-80-7-228-233-41-130-241-162-186,RETAIL,BRONZE,97,customer1242.v3@example.com,+1-555-1242-3,374 Updated Avenue,Phoenix,10244,Y,EMAIL,en
47-41-182-227-171-198-235-222-251-85-69-110-166-202-93-200,RETAIL,BRONZE,71,customer1168.v1@example.com,+1-555-1168-1,278 Updated Avenue,New York,10168,Y,EMAIL,en
49-12-230-28-144-243-164-110-52-14-232-37-123-199-14-147,RETAIL,BRONZE,85,customer1229.v4@example.com,+1-555-1229-4,372 Updated Avenue,Phoenix,10232,N,EMAIL,en
49-133-123-68-156-64-114-3-116-154-227-45-208-231-214-74,WHOLESALE,SILVER,72,customer1067.v3@example.com,+1-555-1067-3,199 Updated Avenue,Houston,10069,N,SMS,fr
49-179-179-26-28-47-138-55-2-6-241-17-18-124-13-189,RETAIL,BRONZE,65,customer1009.v4@example.com,+1-555-1009-4,152 Updated Avenue,New York,10012,N,EMAIL,en
50-16-221-190-170-22-148-138-112-43-96-73-184-217-162-2,WHOLESALE,SILVER,75,customer1226@example.com,+1-555-1226,325 Market Street,Houston,10225,N,SMS,fr
51-206-176-123-244-238-179-218-88-126-38-141-102-58-186-26,WHOLESALE,SILVER,66,customer1213.v1@example.com,+1-555-1213-1,323 Updated Avenue,Houston,10213,N,SMS,fr
52-115-222-204-203-5-9-251-38-72-24-167-81-42-139-155,WHOLESALE,SILVER,80,customer1174.v4@example.com,+1-555-1174-4,317 Updated Avenue,Houston,10177,Y,SMS,fr
54-161-105-75-206-152-21-183-227-138-157-173-5-173-66-224,ENTERPRISE,GOLD,77,customer1172.v3@example.com,+1-555-1172-3,304 Updated Avenue,New York,10174,Y,PHONE,de
54-161-106-37-5-54-158-12-146-43-110-167-162-58-86-210,RETAIL,BRONZE,80,customer1081@example.com,+1-555-1081,180 Market Street,Chicago,10080,Y,EMAIL,en
56-202-137-86-75-34-89-64-21-24-150-15-122-6-249-75,RETAIL,BRONZE,60,customer1161@example.com,+1-555-1161,260 Market Street,Phoenix,10160,Y,EMAIL,en
56-6-115-75-37-108-39-228-30-194-198-191-250-38-217-231,RETAIL,BRONZE,81,customer1028.v1@example.com,+1-555-1028-1,138 Updated Avenue,Phoenix,10028,Y,EMAIL,en
57-14-152-37-24-165-14-40-13-142-43-83-84-98-236-31,WHOLESALE,SILVER,76,customer1073.v1@example.com,+1-555-1073-1,183 Updated Avenue,Los Angeles,10073,N,SMS,fr
57-228-151-59-163-50-27-128-243-125-155-85-246-62-216-184,RETAIL,BRONZE,99,customer1248.v1@example.com,+1-555-1248-1,358 Updated Avenue,Chicago,10248,Y,EMAIL,en
57-72-234-214-58-159-41-68-33-141-224-56-216-147-67-5,SMB,PLATINUM,65,customer1216@example.com,+1-555-1216,315 Market Street,Philadelphia,10215,N,PORTAL,es
58-21-199-208-187-230-3-0-163-159-118-248-165-186-104-150,,,,,,,,,Y,EMAIL,en
58-21-199-208-187-230-3-0-163-159-118-248-165-186-104-150,,,,customer1121@example.com,+1-555-1121,,,,,,
58-21-199-208-187-230-3-0-163-159-118-248-165-186-104-150,,,,,,220 Market Street,New York,10120,,,
58-21-199-208-187-230-3-0-163-159-118-248-165-186-104-150,RETAIL,BRONZE,70,,,,,,,,
58-2-159-4-215-109-50-231-147-103-196-179-37-93-218-77,,,,,,354 Updated Avenue,Chicago,10224,,,
58-2-159-4-215-109-50-231-147-103-196-179-37-93-218-77,,,,,,,,,Y,EMAIL,en
58-2-159-4-215-109-50-231-147-103-196-179-37-93-218-77,,,,customer1222.v3@example.com,+1-555-1222-3,,,,,,
58-2-159-4-215-109-50-231-147-103-196-179-37-93-218-77,RETAIL,BRONZE,77,,,,,,,,
59-113-45-228-129-55-87-47-56-73-170-189-86-102-164-227,RETAIL,BRONZE,77,customer1122.v3@example.com,+1-555-1122-3,254 Updated Avenue,Phoenix,10124,Y,EMAIL,en
59-245-91-186-211-112-168-252-173-29-9-176-5-226-120-194,RETAIL,BRONZE,59,customer1255.v2@example.com,+1-555-1255-2,376 Updated Avenue,Phoenix,10256,N,EMAIL,en
62-183-31-98-147-162-163-31-53-105-225-10-246-85-38-88,SMB,PLATINUM,74,customer1170.v2@example.com,+1-555-1170-2,291 Updated Avenue,Houston,10171,Y,PORTAL,es
63-103-253-151-22-45-32-230-254-39-116-139-91-55-37-9,ENTERPRISE,GOLD,71,customer1218.v1@example.com,+1-555-1218-1,328 Updated Avenue,Chicago,10218,Y,PHONE,de
63-231-138-138-207-95-218-153-222-149-48-57-64-162-66-12,RETAIL,BRONZE,81,customer1128.v1@example.com,+1-555-1128-1,238 Updated Avenue,Chicago,10128,Y,EMAIL,en
64-121-1-109-148-2-16-180-174-154-231-212-28-74-32-101,ENTERPRISE,GOLD,86,customer1287@example.com,+1-555-1287,386 Market Street,Phoenix,10286,N,SMS,fr
64-121-1-109-148-2-16-180-174-154-231-212-28-74-32-101,,,,customer1287.v3@example.com,+1-555-1287-3,,,,,,
64-121-1-109-148-2-16-180-174-154-231-212-28-74-32-101,,,,,,419 Updated Avenue,Los Angeles,10289,,,
64-121-1-109-148-2-16-180-174-154-231-212-28-74-32-101,WHOLESALE,SILVER,92,,,,,,,,
6-45-219-108-114-115-16-231-107-98-0-183-199-31-99-181,,,,customer1077.v3@example.com,+1-555-1077-3,,,,,,
6-45-219-108-114-115-16-231-107-98-0-183-199-31-99-181,,,,,,,,,N,PORTAL,es
6-45-219-108-114-115-16-231-107-98-0-183-199-31-99-181,,,,,,209 Updated Avenue,Los Angeles,10079,,,
6-45-219-108-114-115-16-231-107-98-0-183-199-31-99-181,SMB,PLATINUM,82,,,,,,,,
65-191-210-10-56-187-27-11-236-117-172-240-132-85-48-167,WHOLESALE,SILVER,99,customer1094.v4@example.com,+1-555-1094-4,237 Updated Avenue,Los Angeles,10097,Y,SMS,fr
65-34-203-19-199-164-116-193-151-108-151-6-174-54-82-29,SMB,PLATINUM,84,customer1230.v2@example.com,+1-555-1230-2,351 Updated Avenue,Houston,10231,Y,PORTAL,es
67-186-166-118-47-168-27-180-59-57-198-37-83-178-151-13,ENTERPRISE,GOLD,85,customer1079.v4@example.com,+1-555-1079-4,222 Updated Avenue,Phoenix,10082,N,PHONE,de
67-204-164-179-222-32-151-185-85-142-254-253-14-204-53-136,SMB,PLATINUM,76,customer1223.v1@example.com,+1-555-1223-1,333 Updated Avenue,Los Angeles,10223,N,PORTAL,es
67-221-73-180-253-185-190-222-101-62-148-70-143-248-223-30,WHOLESALE,SILVER,65,customer1066@example.com,+1-555-1066,165 Market Street,Philadelphia,10065,N,SMS,fr
69-106-201-176-209-90-139-127-30-113-7-50-33-5-152-134,ENTERPRISE,GOLD,50,customer1051@example.com,+1-555-1051,150 Market Street,Chicago,10050,Y,PHONE,de
69-136-230-116-211-240-250-249-133-4-125-76-63-19-237-13,SMB,PLATINUM,99,customer1144.v4@example.com,+1-555-1144-4,287 Updated Avenue,Houston,10147,Y,PORTAL,es
69-154-77-220-181-134-242-78-253-147-149-170-118-98-188-124,ENTERPRISE,GOLD,97,customer1292.v3@example.com,+1-555-1292-3,424 Updated Avenue,New York,10294,Y,PHONE,de
69-243-29-22-177-5-141-88-111-195-190-114-7-181-128-83,ENTERPRISE,GOLD,57,customer1152.v3@example.com,+1-555-1152-3,284 Updated Avenue,Phoenix,10154,Y,PHONE,de
70-7-38-49-88-47-194-64-221-38-116-167-208-99-176-64,,,,customer1075.v2@example.com,+1-555-1075-2,,,,,,
70-7-38-49-88-47-194-64-221-38-116-167-208-99-176-64,ENTERPRISE,GOLD,74,customer1075@example.com,+1-555-1075,174 Market Street,Chicago,10074,N,EMAIL,en
70-7-38-49-88-47-194-64-221-38-116-167-208-99-176-64,,,,,,196 Updated Avenue,Phoenix,10076,,,
70-7-38-49-88-47-194-64-221-38-116-167-208-99-176-64,RETAIL,BRONZE,79,,,,,,,,
7-104-40-26-5-218-159-39-223-23-139-92-57-165-18-99,,,,,,,,,Y,EMAIL,en
7-104-40-26-5-218-159-39-223-23-139-92-57-165-18-99,,,,customer1021@example.com,+1-555-1021,,,,,,
7-104-40-26-5-218-159-39-223-23-139-92-57-165-18-99,RETAIL,BRONZE,70,,,,,,,,
7-104-40-26-5-218-159-39-223-23-139-92-57-165-18-99,,,,,,120 Market Street,Chicago,10020,,,
71-166-88-34-158-178-54-138-153-241-208-50-200-132-133-66,SMB,PLATINUM,85,customer1136@example.com,+1-555-1136,235 Market Street,Houston,10135,N,PORTAL,es
73-20-66-223-95-136-198-170-1-142-134-218-194-29-54-6,SMB,PLATINUM,56,customer1203.v1@example.com,+1-555-1203-1,313 Updated Avenue,Philadelphia,10203,N,PORTAL,es
74-33-61-55-36-43-220-173-142-115-0-226-2-231-202-164,SMB,PLATINUM,84,customer1130.v2@example.com,+1-555-1130-2,251 Updated Avenue,Philadelphia,10131,Y,PORTAL,es
74-8-20-44-56-219-227-116-25-93-65-192-69-98-217-248,ENTERPRISE,GOLD,65,customer1059.v4@example.com,+1-555-1059-4,202 Updated Avenue,Chicago,10062,N,PHONE,de
76-168-39-130-197-55-42-84-124-16-73-41-240-63-231-169,SMB,PLATINUM,55,customer1056@example.com,+1-555-1056,155 Market Street,Los Angeles,10055,N,PORTAL,es
77-160-64-73-160-98-245-173-254-129-182-125-215-85-206-204,SMB,PLATINUM,60,customer1104.v4@example.com,+1-555-1104-4,247 Updated Avenue,Philadelphia,10107,Y,PORTAL,es
77-46-123-211-60-71-87-132-56-26-100-228-62-80-146-47,ENTERPRISE,GOLD,99,customer1199.v4@example.com,+1-555-1199-4,342 Updated Avenue,Phoenix,10202,N,PHONE,de
78-37-69-248-25-230-127-6-21-0-61-215-224-74-96-135,SMB,PLATINUM,95,customer1096@example.com,+1-555-1096,195 Market Street,Philadelphia,10095,N,PORTAL,es
78-78-83-170-8-2-71-188-49-208-235-78-122-235-7-160,WHOLESALE,SILVER,62,customer1207.v3@example.com,+1-555-1207-3,339 Updated Avenue,Philadelphia,10209,N,SMS,fr
79-22-200-24-135-93-159-203-104-103-199-189-200-155-231-235,ENTERPRISE,GOLD,89,customer1085.v2@example.com,+1-555-1085-2,206 Updated Avenue,Chicago,10086,N,PHONE,de
79-40-72-3-189-9-102-204-36-250-134-131-163-74-252-110,WHOLESALE,SILVER,92,customer1187.v3@example.com,+1-555-1187-3,319 Updated Avenue,Houston,10189,N,SMS,fr
80-85-203-244-63-172-63-126-35-54-178-115-16-240-185-239,SMB,PLATINUM,99,customer1050.v2@example.com,+1-555-1050-2,171 Updated Avenue,Houston,10051,Y,PORTAL,es
82-41-46-12-118-63-208-39-198-235-166-184-244-148-210-235,ENTERPRISE,GOLD,97,customer1192.v3@example.com,+1-555-1192-3,324 Updated Avenue,Chicago,10194,Y,PHONE,de
82-42-154-233-169-152-128-211-158-93-174-195-83-117-233-153,,,,,,188 Updated Avenue,New York,10078,,,
82-42-154-233-169-152-128-211-158-93-174-195-83-117-233-153,ENTERPRISE,GOLD,81,,,,,,,,
82-42-154-233-169-152-128-211-158-93-174-195-83-117-233-153,WHOLESALE,SILVER,77,customer1078@example.com,+1-555-1078,177 Market Street,Philadelphia,10077,Y,PHONE,de
82-42-154-233-169-152-128-211-158-93-174-195-83-117-233-153,,,,customer1078.v1@example.com,+1-555-1078-1,,,,,,
8-254-38-33-216-231-22-176-46-192-218-53-37-106-153-141,,,,,,,,,N,PORTAL,es
8-254-38-33-216-231-22-176-46-192-218-53-37-106-153-141,,,,customer1016@example.com,+1-555-1016,,,,,,
8-254-38-33-216-231-22-176-46-192-218-53-37-106-153-141,,,,,,115 Market Street,Houston,10015,,,
8-254-38-33-216-231-22-176-46-192-218-53-37-106-153-141,SMB,PLATINUM,65,,,,,,,,
83-125-155-108-146-114-35-199-150-202-194-136-204-237-41-223,WHOLESALE,SILVER,94,customer1040.v2@example.com,+1-555-1040-2,161 Updated Avenue,Philadelphia,10041,Y,SMS,fr
83-173-175-73-77-200-158-247-25-109-115-99-110-178-69-27,RETAIL,BRONZE,71,customer1068.v1@example.com,+1-555-1068-1,178 Updated Avenue,Chicago,10068,Y,EMAIL,en
83-192-65-24-223-17-44-19-168-195-75-56-52-59-156-16,ENTERPRISE,GOLD,54,customer1055@example.com,+1-555-1055,154 Market Street,New York,10054,N,EMAIL,en
83-192-65-24-223-17-44-19-168-195-75-56-52-59-156-16,RETAIL,BRONZE,59,,,,,,,,
83-192-65-24-223-17-44-19-168-195-75-56-52-59-156-16,,,,,,176 Updated Avenue,Chicago,10056,,,
83-192-65-24-223-17-44-19-168-195-75-56-52-59-156-16,,,,customer1055.v2@example.com,+1-555-1055-2,,,,,,
8-41-66-79-250-13-58-37-71-182-201-98-44-119-222-3,,,,,,,,,N,EMAIL,en
8-41-66-79-250-13-58-37-71-182-201-98-44-119-222-3,,,,,,432 Updated Avenue,Phoenix,10292,,,
8-41-66-79-250-13-58-37-71-182-201-98-44-119-222-3,,,,customer1289.v4@example.com,+1-555-1289-4,,,,,,
8-41-66-79-250-13-58-37-71-182-201-98-44-119-222-3,RETAIL,BRONZE,95,,,,,,,,
85-177-146-127-218-254-243-156-72-229-183-59-93-97-234-96,WHOLESALE,SILVER,56,customer1153.v1@example.com,+1-555-1153-1,263 Updated Avenue,Houston,10153,N,SMS,fr
86-128-82-43-142-43-176-25-67-35-75-206-123-248-69-52,ENTERPRISE,GOLD,89,customer1185.v2@example.com,+1-555-1185-2,306 Updated Avenue,New York,10186,N,PHONE,de
87-30-15-126-45-153-46-115-138-223-248-177-189-67-165-33,ENTERPRISE,GOLD,87,customer1132.v3@example.com,+1-555-1132-3,264 Updated Avenue,Chicago,10134,Y,PHONE,de
88-197-72-2-169-251-149-38-205-9-35-53-58-52-167-174,RETAIL,BRONZE,99,customer1049.v4@example.com,+1-555-1049-4,192 Updated Avenue,Phoenix,10052,N,EMAIL,en
9-198-195-120-59-74-112-5-77-167-79-37-56-237-71-198,RETAIL,BRONZE,99,customer1149.v4@example.com,+1-555-1149-4,292 Updated Avenue,Chicago,10152,N,EMAIL,en
93-97-109-211-130-17-235-181-214-236-82-152-102-116-182-228,SMB,PLATINUM,72,customer1017.v3@example.com,+1-555-1017-3,149 Updated Avenue,Los Angeles,10019,N,PORTAL,es
94-172-67-172-235-164-44-135-87-181-64-3-165-130-119-181,ENTERPRISE,GOLD,99,customer1245.v2@example.com,+1-555-1245-2,366 Updated Avenue,New York,10246,N,PHONE,de
